{
  "precision": 0.6110397946083155,
  "recall": 0.20737126426764768,
  "map50": 0.20981638310569348,
  "map5095": 0.09858332411524388,
  "conf_th": 0.9
}