{
  "num_images": 4200,
  "image_time_avg_s": 0.15247976528347604,
  "image_time_p50_s": 0.15631254398613237,
  "image_time_p95_s": 0.16435100600938313,
  "infer_time_avg_s": 0.07214242546329236,
  "infer_time_p50_s": 0.07343335601035506,
  "infer_time_p95_s": 0.07433563101221807,
  "fps_infer_avg": 13.861469081169469,
  "gpu": {
    "gpu_available": true,
    "max_mem_allocated_bytes": 407602176,
    "max_mem_reserved_bytes": 478150656,
    "nvidia_smi_util_gpu_pct": null,
    "nvidia_smi_util_mem_pct": null
  }
}