{
  "precision": 0.5596369922211409,
  "recall": 0.2256687287618519,
  "map50": 0.24532647394012697,
  "map5095": 0.13345839126717923,
  "conf_th": 0.9
}