{
  "num_images": 4200,
  "image_time_avg_s": 0.19488916279356566,
  "image_time_p50_s": 0.19615605799481273,
  "image_time_p95_s": 0.20429236302152276,
  "infer_time_avg_s": 0.11855087663311722,
  "infer_time_p50_s": 0.1175539440009743,
  "infer_time_p95_s": 0.12186689197551459,
  "fps_infer_avg": 8.435197009084366,
  "gpu": {
    "gpu_available": true,
    "max_mem_allocated_bytes": 703872512,
    "max_mem_reserved_bytes": 1140850688,
    "nvidia_smi_util_gpu_pct": null,
    "nvidia_smi_util_mem_pct": null
  }
}